name,category,image_url,product_url,colors,season,occasion
Span Women Floral Printed Pink Kurta,top,catalog/images/40622.jpg,,Pink,Summer,Ethnic
Wrangler Women Striped Purple Top,top,catalog/images/20247.jpg,,Magenta,Summer,Casual
BIBA Women Printed White Kurta,top,catalog/images/22777.jpg,,White,Summer,Ethnic
Femella Women White Printed Tunic,top,catalog/images/47660.jpg,,White,Summer,Casual
Jealous 21 Women Blue Floral Top,top,catalog/images/5777.jpg,,Blue,Summer,Casual
Elle Women Navy Blue Jacket,top,catalog/images/57068.jpg,,Blue,Summer,Casual
Aneri Women Purple Kurta,top,catalog/images/43259.jpg,,Purple,Summer,Ethnic
Puma Women's Heather Purple T-shirt,top,catalog/images/5893.jpg,,Purple,Summer,Casual
Nike Women's White Polo T-shirt,top,catalog/images/4098.jpg,,White,Fall,Sports
Fabindia Women Printed Navy Blue Kurta,top,catalog/images/32216.jpg,,Navy Blue,Summer,Ethnic
Sepia Women Green Tunic,top,catalog/images/42229.jpg,,Green,Summer,Casual
United Colors of Benetton Women Light Winter Peach T-shirt,top,catalog/images/11436.jpg,,Peach,Fall,Casual
Vishudh Women Red & White Kurta,top,catalog/images/59366.jpg,,Red,Summer,Ethnic
Wrangler Women American Brown Sweatshirt,top,catalog/images/20213.jpg,,Brown,Fall,Casual
Puma Women Striped Polo Pink Tshirts,top,catalog/images/10567.jpg,,Pink,Fall,Casual
Jealous 21 Women Printed Yellow Top,top,catalog/images/26878.jpg,,Yellow,Summer,Casual
Fusion Beats Women Black Tunic,top,catalog/images/46257.jpg,,Black,Summer,Casual
Tantra Women Dj Black T-shirt,top,catalog/images/27352.jpg,,Black,Fall,Casual
Diva Women Printed Cream Kurta,top,catalog/images/25832.jpg,,Cream,Summer,Ethnic
Urban Yoga Women Printed Purple Top,top,catalog/images/28472.jpg,,Purple,Summer,Casual
Tokyo Talkies Women Printed White Top,top,catalog/images/16135.jpg,,White,Fall,Casual
BIBA Women Printed Pink Kurta,top,catalog/images/21886.jpg,,Pink,Fall,Ethnic
Vero Moda Women Red Shirt,top,catalog/images/43630.jpg,,Red,Summer,Casual
W Women Printed White Top,top,catalog/images/28740.jpg,,White,Summer,Ethnic
Tonga Women Red Top,top,catalog/images/34594.jpg,,Red,Summer,Casual
Wrangler Women Poloroid Purple T-Shirts,top,catalog/images/11027.jpg,,Purple,Fall,Casual
Elle Magenta Colour Clash Top,top,catalog/images/57115.jpg,,Magenta,Summer,Casual
Wrangler Women Red T-shirt,top,catalog/images/41403.jpg,,Red,Summer,Casual
Vishudh Women Green Kurta,top,catalog/images/45836.jpg,,Green,Summer,Ethnic
Sepia Women Hip Street Blue Tunic,top,catalog/images/33160.jpg,,Blue,Summer,Casual
Aurelia Women Magenta Dupatta,top,catalog/images/41330.jpg,,Magenta,Fall,Ethnic
Scullers For Her Striped White Shirt,top,catalog/images/27871.jpg,,White,Summer,Casual
Jealous 21 Women Jealous Modele Coral Top Pink T-shirt,top,catalog/images/8443.jpg,,Pink,Fall,Casual
Ayaany Women Cream Kurta,top,catalog/images/53808.jpg,,Cream,Fall,Ethnic
Span Women Teal Kurta,top,catalog/images/40615.jpg,,Green,Summer,Ethnic
Aurelia Women Dobby Red Kurta,top,catalog/images/36474.jpg,,Red,Summer,Ethnic
Fabindia Women Printed Dark Brown Kurtis,top,catalog/images/35050.jpg,,Brown,Summer,Ethnic
Alma Women Red Printed Kurta,top,catalog/images/42672.jpg,,Red,Summer,Ethnic
Aurelia Women Placket White Kurta,top,catalog/images/36471.jpg,,White,Summer,Ethnic
Latin Quarters Women Black & White Tunic,top,catalog/images/38833.jpg,,Black,Summer,Casual
Aneri Women Geet White and Black Kurta,top,catalog/images/23232.jpg,,Black,Fall,Ethnic
ADIDAS Women Printed Blue T-shirt,top,catalog/images/24126.jpg,,Blue,Fall,Casual
Lee Women's Byonce White T-shirt,top,catalog/images/6255.jpg,,White,Summer,Casual
Wrangler Women Flower Purple Shirt,top,catalog/images/20125.jpg,,Purple,Fall,Casual
Angry Birds Women Green T-shirt,top,catalog/images/57450.jpg,,Green,Summer,Casual
Diva Women Printed Beige Kurta,top,catalog/images/39461.jpg,,Beige,Summer,Ethnic
Sepia Women Grey Tunic,top,catalog/images/42238.jpg,,Grey,Summer,Casual
Folklore Women Cream Kurta,top,catalog/images/45735.jpg,,Cream,Summer,Ethnic
Fabindia Printed Cream Cotton Silk Dupatta,top,catalog/images/34942.jpg,,Cream,Summer,Ethnic
Tantra Women Navy Blue Curly Heart T-shirt,top,catalog/images/37278.jpg,,Navy Blue,Summer,Casual
BIBA Women Printed Blue Kurta,top,catalog/images/22740.jpg,,Blue,Fall,Ethnic
United Colors of Benetton Women Black Top,top,catalog/images/24987.jpg,,Black,Summer,Casual
Flying Machine Women Printed White T-shirt,top,catalog/images/30145.jpg,,White,Summer,Casual
Inkfruit Women Printed Purple Tshirts,top,catalog/images/13491.jpg,,Purple,Fall,Casual
United Colors of Benetton Women Solid Black Sweatshirt,top,catalog/images/18963.jpg,,Black,Fall,Casual
Lee Women Solid White Tops,top,catalog/images/11756.jpg,,White,Summer,Casual
Aurelia Women Cream Kurta,top,catalog/images/42423.jpg,,Cream,Summer,Ethnic
Puma Women Jane White T-shirt,top,catalog/images/31295.jpg,,White,Summer,Casual
Folklore Women White & Green Kurta,top,catalog/images/56709.jpg,,White,Fall,Ethnic
Global Desi Women Printed White Top,top,catalog/images/22485.jpg,,White,Summer,Ethnic
Fabindia Women Pink Khadi Kurta,top,catalog/images/30839.jpg,,Pink,Summer,Ethnic
Arrow Woman Simona Navy Blue Shirt,top,catalog/images/18887.jpg,,Navy Blue,Fall,Casual
Fabindia Women Blue Mangalgiri Kurta,top,catalog/images/30863.jpg,,Blue,Summer,Ethnic
Forever New Women Brown Top,top,catalog/images/9106.jpg,,Black,Fall,Casual
ALayna Women Green Kurta,top,catalog/images/58683.jpg,,Green,Summer,Ethnic
Mother Earth Women Printed Black Kurta,top,catalog/images/19106.jpg,,Black,Fall,Ethnic
Fabindia Women Printed Green Kurta,top,catalog/images/32229.jpg,,Green,Summer,Ethnic
Vishudh Women Floral Print Maroon Kurtas,top,catalog/images/14547.jpg,,Maroon,Fall,Ethnic
W Women Printed Black Kurta,top,catalog/images/28694.jpg,,Black,Summer,Ethnic
Nike Women Orange T-shirt,top,catalog/images/24556.jpg,,Orange,Fall,Casual
Femella Women Blue Shirt,top,catalog/images/59893.jpg,,Blue,Fall,Casual
ADIDAS Women Stripes Navy Blue Sweaters,top,catalog/images/15034.jpg,,Navy Blue,Fall,Casual
Tokyo Talkies Women Green Printed T-shirt,top,catalog/images/59422.jpg,,Green,Winter,Casual
Puma Women Green T-shirt,top,catalog/images/58730.jpg,,Green,Summer,Casual
W Women Brown Printed Kurta,top,catalog/images/23331.jpg,,Brown,Fall,Ethnic
Diva Women Embroided Mustard Kurta,top,catalog/images/20100.jpg,,Mustard,Fall,Ethnic
W Women Printed White & Red Kurta,top,catalog/images/28738.jpg,,White,Summer,Ethnic
Jealous 21 Women Check Brown Tops,top,catalog/images/11038.jpg,,Brown,Fall,Casual
Fabindia Beige Dupatta,top,catalog/images/34929.jpg,,Beige,Summer,Ethnic
French Connection Women Navy Blue Striped Top,top,catalog/images/43527.jpg,,Navy Blue,Summer,Casual
Mother Earth Women Printed Orange Kurtis,top,catalog/images/15080.jpg,,Orange,Fall,Ethnic
Roxy Women Grey T-shirt,top,catalog/images/21455.jpg,,Grey,Winter,Casual
Vishudh Women Printed Pink Kurta,top,catalog/images/22021.jpg,,Pink,Fall,Ethnic
Forever New Women Peony Peach Top,top,catalog/images/8492.jpg,,Peach,Fall,Casual
Arrow Woman Yuli Purple Top,top,catalog/images/18737.jpg,,Purple,Fall,Casual
Aurelia Women Black Kurti,top,catalog/images/40595.jpg,,Black,Summer,Ethnic
AND by Anita Dongre Women White Tunic,top,catalog/images/36551.jpg,,White,Summer,Casual
United Colors of Benetton Women Printed Yellow T-shirt,top,catalog/images/10348.jpg,,Yellow,Fall,Casual
UCB Women's Basic Neck Navy T-shirt,top,catalog/images/6234.jpg,,Navy Blue,Summer,Casual
Tonga Women Navy Lace Shirt,top,catalog/images/34596.jpg,,Navy Blue,Summer,Casual
Arrow Woman Venetia Brown Sweater,top,catalog/images/18726.jpg,,Brown,Fall,Casual
Angry Birds Women White T-shirt,top,catalog/images/57441.jpg,,White,Summer,Casual
Mineral Women Turquoise Blue Top,top,catalog/images/49640.jpg,,Turquoise Blue,Summer,Casual
Inkfruit Women's Mesmerize Black T-shirt,top,catalog/images/2685.jpg,,Black,Summer,Casual
Ant Kids Crystal Button Black Tops,top,catalog/images/12851.jpg,,Black,Fall,Casual
Mother Earth Women Plain Mangalgiri Green Tunics,top,catalog/images/12768.jpg,,Green,Fall,Ethnic
Vero Moda Women Blue Top,top,catalog/images/33745.jpg,,Blue,Summer,Casual
Arrow Woman Black Printed Top,top,catalog/images/23052.jpg,,Black,Fall,Casual
ADIDAS Womens Black Tank Fitted T-shirt,top,catalog/images/1989.jpg,,Black,Fall,Sports
s.Oliver Women White Striped Shirt,top,catalog/images/21156.jpg,,Grey,Fall,Casual
Sepia Women Purple Top,top,catalog/images/33172.jpg,,Purple,Summer,Casual
Mumbai Slang Women Cream Kurti,top,catalog/images/56649.jpg,,Cream,Fall,Ethnic
Scullers For Her Red Polo T-shirt,top,catalog/images/27849.jpg,,Red,Summer,Casual
United Colors of Benetton Women Solid Grey Tops,top,catalog/images/14627.jpg,,Grey,Fall,Casual
Mother Earth Women Brown Top,top,catalog/images/42561.jpg,,Brown,Fall,Ethnic
Shree Women Green Kurta,top,catalog/images/47010.jpg,,Green,Summer,Ethnic
W Women Printed Green Top,top,catalog/images/28743.jpg,,Green,Summer,Ethnic
Nike Women Icon Orange T-shirt,top,catalog/images/31445.jpg,,Orange,Summer,Sports
ADIDAS Womens Tank White T-shirt,top,catalog/images/2069.jpg,,White,Fall,Sports
Vishudh Women Printed Grey Kurta,top,catalog/images/22068.jpg,,Grey,Fall,Ethnic
Little Miss Women Printed Light Green T-shirt,top,catalog/images/9885.jpg,,Green,Fall,Casual
ALayna Women Green Kurta,top,catalog/images/58658.jpg,,Green,Summer,Ethnic
Remanika Women Green Top,top,catalog/images/41760.jpg,,Green,Summer,Casual
Little Miss Women Printed Blue T-shirt,top,catalog/images/16823.jpg,,Blue,Fall,Casual
Fabindia Women Pink Kurta,top,catalog/images/30859.jpg,,Pink,Summer,Ethnic
S.Oliver Women Pink Tank Top,top,catalog/images/6979.jpg,,Pink,Summer,Casual
Mumbai Slang Women Black Top,top,catalog/images/45941.jpg,,Black,Summer,Casual
Tantra Women White Printed T-shirt,top,catalog/images/12541.jpg,,White,Fall,Casual
Femella Women Beige Tube Top,top,catalog/images/59885.jpg,,Beige,Fall,Casual
Forever New Women Light Brown & Grey Striped Shirt,top,catalog/images/6867.jpg,,Grey,Summer,Casual
W Women Printed White Kurta,top,catalog/images/28737.jpg,,White,Summer,Ethnic
Elle Women Grey Melange T-shirt,top,catalog/images/57154.jpg,,Grey Melange,Summer,Casual
Fabindia Women Printed Beige Kurta,top,catalog/images/30869.jpg,,Beige,Summer,Ethnic
Little Miss Women Printed Magenta T-shirt,top,catalog/images/16827.jpg,,Magenta,Fall,Casual
Jealous 21 Women's Purple T-shirt,top,catalog/images/3942.jpg,,Purple,Summer,Casual
Vishudh Women Printed Brown Kurta,top,catalog/images/32274.jpg,,Brown,Summer,Ethnic
Mother Earth Women Printed Black Kurta,top,catalog/images/33030.jpg,,Black,Summer,Ethnic
Vishudh Women Blue Kurta,top,catalog/images/45850.jpg,,Blue,Summer,Ethnic
Wrangler Women's Feel Good Navy Blue T-shirt,top,catalog/images/5120.jpg,,Navy Blue,Summer,Casual
United Colors of Benetton Women Navy Blue Top,top,catalog/images/24920.jpg,,Navy Blue,Summer,Casual
Flying Machine Women Grey T-shirt,top,catalog/images/35982.jpg,,Grey,Summer,Casual
Aneri Women Rani Pink Kurta,top,catalog/images/27110.jpg,,Pink,Summer,Ethnic
United Colors Of Benetton Women Light Winter Black Tops,top,catalog/images/11383.jpg,,Black,Fall,Casual
United Colors of Benetton Women Printed Yellow Tops,top,catalog/images/13444.jpg,,Yellow,Summer,Casual
Diva Women Multi Coloured Kurta,top,catalog/images/59921.jpg,,Multi,Summer,Ethnic
ALayna Women Printed Beige Kurta,top,catalog/images/58684.jpg,,Beige,Summer,Ethnic
Nike Women Football Red Jacket,top,catalog/images/31443.jpg,,Red,Summer,Sports
Mumbai Slang Women Mustard Kurti,top,catalog/images/40194.jpg,,Mustard,Summer,Ethnic
Femella Women White Top,top,catalog/images/25970.jpg,,White,Summer,Casual
W Women Printed Cream Kurtas,top,catalog/images/12077.jpg,,Cream,Fall,Ethnic
Sepia Women Grey Top,top,catalog/images/33219.jpg,,Grey,Summer,Casual
ADIDAS Originals Women G Couple Black Tshirt,top,catalog/images/19013.jpg,,Black,Summer,Casual
Jealous 21 Women Blue Flower Printed Top,top,catalog/images/7183.jpg,,Blue,Fall,Casual
Elle Women Green Tunic,top,catalog/images/57185.jpg,,Green,Summer,Casual
Puma Women Tank White Tops,top,catalog/images/5892.jpg,,White,Summer,Casual
Myntra Women Red T-shirt,top,catalog/images/52086.jpg,,Red,Summer,Casual
W Women Shaded Blue Kurta,top,catalog/images/19089.jpg,,Blue,Fall,Ethnic
W Women's Deep U Neck Sleeveless White Black Top,top,catalog/images/7425.jpg,,Black,Spring,Ethnic
Arrow Woman Tigi Purple Top,top,catalog/images/18739.jpg,,Purple,Fall,Casual
Vishudh Women White Floral Printed Kurta,top,catalog/images/22026.jpg,,White,Fall,Ethnic
Fabindia Women White Dupatta,top,catalog/images/34936.jpg,,White,Summer,Ethnic
French Connection Women Grey Top,top,catalog/images/48101.jpg,,Grey,Summer,Casual
Gini and Jony Kids Girls Printed White Tops,top,catalog/images/13308.jpg,,White,Fall,Casual
Arrow Woman Black Top,top,catalog/images/44648.jpg,,Black,Summer,Casual
Flying Machine Women Blue Tshirt,top,catalog/images/17851.jpg,,Blue,Fall,Casual
ONLY Women Pink Tunic,top,catalog/images/43668.jpg,,Pink,Summer,Casual
Fabindia Women Purple Kurti,top,catalog/images/30914.jpg,,Purple,Summer,Ethnic
Nike Women's Purple Polo T-shirt,top,catalog/images/7500.jpg,,Purple,Summer,Sports
United Colors of Benetton Women Pink Top,top,catalog/images/57832.jpg,,Pink,Summer,Casual
W Women Printed Beige Kurta,top,catalog/images/28695.jpg,,Beige,Summer,Ethnic
W Women Printed Purple & Green Kurta,top,catalog/images/28701.jpg,,Purple,Summer,Ethnic
Aneri Women Printed Rust Kurta,top,catalog/images/23235.jpg,,Rust,Fall,Ethnic
Fabindia Green Dupatta,top,catalog/images/34924.jpg,,Green,Summer,Ethnic
ADIDAS Mumbai Indians Women Blue Match Jersey,top,catalog/images/38400.jpg,,Blue,Summer,Sports
Mother Earth Women Beige & Black Kurta,top,catalog/images/42552.jpg,,Beige,Summer,Ethnic
Spykar Women's Paradise Yellow T-shirt,top,catalog/images/6602.jpg,,Yellow,Summer,Casual
United Colors of Benetton Women Solid Black Top,top,catalog/images/19575.jpg,,Black,Summer,Casual
Aneri Women Eva Pink Kurta,top,catalog/images/18304.jpg,,Pink,Fall,Ethnic
Sushilas Women Printed Brown Kurta,top,catalog/images/54577.jpg,,Brown,Summer,Ethnic
Myntra Women White & Pink Top,top,catalog/images/51436.jpg,,White,Summer,Casual
UCB Women's Basic Round Neck Navy Blue T-shirt,top,catalog/images/6104.jpg,,Navy Blue,Summer,Casual
United Colors of Benetton Women Green Polo T-shirt,top,catalog/images/24887.jpg,,Green,Summer,Casual
Mumbai Slang Women Pink & Black Kurti,top,catalog/images/40186.jpg,,Black,Summer,Ethnic
Arrow Woman Kiki Brown Top,top,catalog/images/18752.jpg,,Brown,Fall,Casual
Aneri Women Multi Coloured Kurti,top,catalog/images/56812.jpg,,Multi,Summer,Ethnic
United Colors Of Benetton Women Light Winter Grey Tops,top,catalog/images/11376.jpg,,Grey,Fall,Casual
Aurelia Women Purple Dupatta,top,catalog/images/41327.jpg,,Purple,Fall,Ethnic
Arrow Woman Piper Red Shirt,top,catalog/images/18884.jpg,,Red,Fall,Casual
Scullers Women Knit Black Sweaters,top,catalog/images/11095.jpg,,Black,Fall,Casual
BIBA Women Bohemian Green Kurta,top,catalog/images/28873.jpg,,Green,Summer,Ethnic
Folklore Women Black Kurta,top,catalog/images/53832.jpg,,Black,Summer,Ethnic
United Colors of Benetton Women Short Black Tops,top,catalog/images/12505.jpg,,Black,Fall,Casual
United Colors of Benetton Women White T-shirt,top,catalog/images/19614.jpg,,White,Summer,Casual
Vishudh Women Pink Printed Kurta,top,catalog/images/53852.jpg,,Pink,Summer,Ethnic
ADIDAS Women's Tag Tank Purple Tops,top,catalog/images/5805.jpg,,Purple,Summer,Casual
W Women Red Printed Kurta,top,catalog/images/23313.jpg,,Red,Fall,Ethnic
Diva Women White Kurta,top,catalog/images/39469.jpg,,White,Summer,Ethnic
UCB Women's Basic V Neck Blue T-shirt,top,catalog/images/6031.jpg,,Blue,Summer,Casual
BIBA Women Printed Red Kurta,top,catalog/images/22761.jpg,,Red,Fall,Ethnic
Tonga Women Black & Red Top,top,catalog/images/58518.jpg,,Black,Summer,Casual
Aurelia Women White Kurta,top,catalog/images/40586.jpg,,White,Summer,Ethnic
Jealous 21 Women  Printed Pink Top,top,catalog/images/8458.jpg,,Pink,Fall,Casual
Flying Machine Women Black T-shirt,top,catalog/images/42395.jpg,,Black,Summer,Casual
Mother Earth Women Pink Kurta,top,catalog/images/42544.jpg,,Pink,Summer,Ethnic
Angry Birds Women Blue T-shirt,top,catalog/images/57434.jpg,,Blue,Summer,Casual
Do U Speak Green Women Cream T-Shirt,top,catalog/images/54964.jpg,,Cream,Summer,Casual
Elle Women Multi Coloured Top,top,catalog/images/57132.jpg,,Multi,Summer,Casual
Sepia Women Blue Top,top,catalog/images/33181.jpg,,Blue,Summer,Casual
Arrow Woman Aiyanna White Shirt,top,catalog/images/18761.jpg,,White,Fall,Casual
Mother Earth Women Printed Green Kurtis,top,catalog/images/15082.jpg,,Green,Fall,Ethnic
Diva Women Multi Coloured Kurta,top,catalog/images/59929.jpg,,Multi,Summer,Ethnic
Puma Women bling blink tee White Tshirts,top,catalog/images/10071.jpg,,White,Fall,Casual
Flying Machine Women HS Blue Denim Shirt,top,catalog/images/10598.jpg,,Blue,Fall,Casual
Aneri Women Kaalki Multi Coloured Kurta,top,catalog/images/18297.jpg,,Multi,Fall,Ethnic
Lee Women Katie Navy Blue Top,top,catalog/images/31785.jpg,,Navy Blue,Summer,Casual
Elle Women Blue Waistcoat,top,catalog/images/57081.jpg,,Blue,Summer,Casual
Vishudh Women Blue Printed Kurta,top,catalog/images/59370.jpg,,Blue,Summer,Ethnic
Vishudh Women Embroidary Beige Kurtis,top,catalog/images/14540.jpg,,Beige,Fall,Ethnic
Vishudh Women Mustard Printed Kurta,top,catalog/images/22046.jpg,,Mustard,Fall,Ethnic
Diva Women Printed Green Kurta,top,catalog/images/25852.jpg,,Green,Summer,Ethnic
Tonga Women Printed Black Top,top,catalog/images/34576.jpg,,Black,Summer,Casual
Alma Women White Kurta,top,catalog/images/42660.jpg,,White,Summer,Ethnic
Aurelia Women Cream Printed Kurti,top,catalog/images/50336.jpg,,Cream,Summer,Ethnic
W Women Printed Purple Kurtas,top,catalog/images/12083.jpg,,Purple,Fall,Ethnic
United Colors of Benetton Women Blue Top,top,catalog/images/57820.jpg,,Blue,Summer,Casual
French Connection Women Multicoloured Striped Top,top,catalog/images/48109.jpg,,Navy Blue,Summer,Casual
Myntra Women's Saadhu Starter Kit Black T-shirt,top,catalog/images/3536.jpg,,Black,Summer,Casual
United Colors of Benetton Women Mustard Top,top,catalog/images/57818.jpg,,Mustard,Fall,Casual
Decathlon Profilter Women Blue T-shirt,top,catalog/images/1809.jpg,,Blue,Fall,Sports
W Women Printed Pink Kurtas,top,catalog/images/11555.jpg,,Pink,Summer,Ethnic
Vishudh Women Printed Blue Kurta,top,catalog/images/22051.jpg,,Blue,Fall,Ethnic
Fabindia Blue Dupatta,top,catalog/images/34934.jpg,,Blue,Summer,Ethnic
Biba Women Printed Multi Coloured Kurta,top,catalog/images/28834.jpg,,Multi,Summer,Ethnic
Palm Tree Girl's Betty Pink Kidswear,top,catalog/images/4979.jpg,,Pink,Summer,Casual
Aurelia Women Green Kurta,top,catalog/images/40585.jpg,,Green,Summer,Ethnic
Nike Women's Embossed Yellow T-shirt,top,catalog/images/6547.jpg,,Yellow,Summer,Sports
Vishudh Women Printed Green Kurta,top,catalog/images/32273.jpg,,Green,Summer,Ethnic
s.Oliver Women's White Blouse Top,top,catalog/images/7019.jpg,,White,Summer,Casual
French Connection Women Blue Shirt,top,catalog/images/48091.jpg,,Blue,Summer,Casual
Fabindia Women Red Kurti,top,catalog/images/30916.jpg,,Red,Summer,Ethnic
Femella Women Black Leggings,bottom,catalog/images/33957.jpg,,Black,Spring,Casual
Hanes Women White ComfortSoft Waistband Cotton Stretch Full Leggings,bottom,catalog/images/50023.jpg,,White,Winter,Casual
Nike Women Squad Black Capri,bottom,catalog/images/7492.jpg,,Black,Summer,Sports
Elle Women Greyish Blue Culottes,bottom,catalog/images/57094.jpg,,Blue,Summer,Casual
ADIDAS Women Black Track Pant,bottom,catalog/images/53743.jpg,,Black,Summer,Casual
Jealous 21 Women Washed Light Blue Jeans,bottom,catalog/images/27002.jpg,,Blue,Summer,Casual
Myntra Women Green Patiala,bottom,catalog/images/54060.jpg,,Green,Summer,Ethnic
Kraus Jeans Women Blue Capris,bottom,catalog/images/57218.jpg,,Blue,Fall,Casual
Fabindia Women Brown Leggings,bottom,catalog/images/30818.jpg,,Brown,Summer,Casual
ADIDAS Women Navy Blue Tights,bottom,catalog/images/40074.jpg,,Navy Blue,Summer,Casual
Hanes Women Nude ComfortSoft Waistband Cotton Stretch Full Leggings,bottom,catalog/images/50025.jpg,,Nude,Winter,Casual
Pieces Women Pink Jeggings,bottom,catalog/images/33718.jpg,,Pink,Summer,Casual
Mineral Women Brown Skirt,bottom,catalog/images/37930.jpg,,Brown,Summer,Casual
Puma Women Capri Sweat Black Capris,bottom,catalog/images/16225.jpg,,Black,Fall,Ethnic
Jealous 21 Women Jealous Grey Jegging,bottom,catalog/images/7191.jpg,,Grey,Fall,Casual
ADIDAS Women 3S Blue Capri,bottom,catalog/images/4773.jpg,,Blue,Summer,Sports
Scullers For Her Women Striped Black Trousers,bottom,catalog/images/27912.jpg,,Black,Summer,Formal
Arrow Woman Navy Blue Trousers,bottom,catalog/images/32405.jpg,,Navy Blue,Fall,Formal
Femella Women Navy Blue Leggings,bottom,catalog/images/57923.jpg,,Navy Blue,Fall,Casual
Fabindia Women Maroon Salwar,bottom,catalog/images/30905.jpg,,Maroon,Summer,Ethnic
Elle Women Blue Skirt,bottom,catalog/images/57082.jpg,,Blue,Summer,Casual
Arrow Woman Charcoal Skirt,bottom,catalog/images/39725.jpg,,Charcoal,Summer,Formal
Scullers For Her Women Beige Trousers,bottom,catalog/images/27900.jpg,,Beige,Summer,Casual
DUSG Women Uttarkashi Organic Endive Capri,bottom,catalog/images/2954.jpg,,Yellow,Fall,Casual
Nike Women Long Purple Leggings,bottom,catalog/images/25037.jpg,,Purple,Fall,Casual
Spykar  Women Jeans,bottom,catalog/images/51363.jpg,,Blue,Summer,Casual
Elle Women Blue Jeans,bottom,catalog/images/57072.jpg,,Blue,Summer,Casual
Urban Yoga Women Solid Black Churidar,bottom,catalog/images/11245.jpg,,Black,Fall,Ethnic
ADIDAS Women Blue Leggings,bottom,catalog/images/32410.jpg,,Blue,Summer,Sports
Gini and Jony Girl's Fenil Bright Green Kidswear,bottom,catalog/images/4989.jpg,,Green,Summer,Casual
Scullers For Her Women White Trousers,bottom,catalog/images/27909.jpg,,White,Summer,Casual
Vishudh Green Leggings,bottom,catalog/images/49760.jpg,,Green,Summer,Casual
Fabindia Women Pink Patiala,bottom,catalog/images/32246.jpg,,Pink,Summer,Ethnic
United Colors of Benetton Womens Pink Shorts,bottom,catalog/images/43310.jpg,,Pink,Summer,Casual
Lee Women Blue Skinny Fit Stretchable Jeans,bottom,catalog/images/9143.jpg,,Blue,Summer,Casual
Shree Women Purple & Green Patiala,bottom,catalog/images/47079.jpg,,Purple,Fall,Ethnic
Nike Women Trainng Grey Track Pant,bottom,catalog/images/17903.jpg,,Grey,Fall,Sports
Jealous 21 Women Washed Grey Jeans,bottom,catalog/images/26991.jpg,,Grey,Summer,Casual
Nike Women Tech Black Capris,bottom,catalog/images/32655.jpg,,Black,Summer,Sports
Nike Women As Classic Black Capri,bottom,catalog/images/7502.jpg,,Black,Summer,Sports
Palm Tree Kids Girls Sp Jema Skt Blue Skirts,bottom,catalog/images/10001.jpg,,Blue,Summer,Casual
Nike Women's Border Pink Skirt,bottom,catalog/images/6532.jpg,,Pink,Summer,Sports
Puma Women Pink Capris,bottom,catalog/images/31229.jpg,,Pink,Summer,Casual
BIBA OUTLET Women Blue Premium Cotton Leggings,bottom,catalog/images/54342.jpg,,Blue,Summer,Casual
United Colors of Benetton Women Solid Black Stockings,bottom,catalog/images/14597.jpg,,Black,Summer,Casual
Elle Women Purple Capris,bottom,catalog/images/57099.jpg,,Purple,Summer,Casual
Gini and Jony Girl's Jolene Pink Kidswear,bottom,catalog/images/5002.jpg,,Pink,Summer,Casual
Shree Women Navy Blue & Pink Jodhpuri Salwar,bottom,catalog/images/47050.jpg,,Navy Blue,Summer,Ethnic
Nike Women Solid Grey Capris,bottom,catalog/images/21593.jpg,,Grey,Summer,Casual
Jockey Women Grey Melange Knit Capris 1300,bottom,catalog/images/27408.jpg,,Grey Melange,Summer,Casual
Femella Women Plum Skinny Leggings,bottom,catalog/images/25901.jpg,,Pink,Summer,Casual
Fabindia Women Rust Mangalgiri Churidar,bottom,catalog/images/30828.jpg,,Rust,Summer,Ethnic
Denizen Women Black Jeans,bottom,catalog/images/51500.jpg,,Black,Summer,Casual
Shree Women Black Printed Patiala,bottom,catalog/images/47076.jpg,,Black,Fall,Ethnic
Doodle Kids Girl Check Pink Shorts,bottom,catalog/images/27232.jpg,,Pink,Summer,Casual
Arrow Woman Brown Jeggings,bottom,catalog/images/23044.jpg,,Brown,Fall,Casual
Tonga Women Black Skirt,bottom,catalog/images/40432.jpg,,Black,Summer,Formal
Elle Women Blue Jeans,bottom,catalog/images/57070.jpg,,Blue,Summer,Casual
Lee Women Black Jeans,bottom,catalog/images/50956.jpg,,Black,Summer,Casual
Tokyo Talkies Women Blue Straight Skinny Fit Jeans,bottom,catalog/images/54334.jpg,,Blue,Fall,Casual
Vishudh Beige Leggings,bottom,catalog/images/49758.jpg,,Beige,Summer,Casual
Jealous 21 Women's Pink Shorts,bottom,catalog/images/5761.jpg,,White,Summer,Casual
Arrow Woman Printed Tan Skirt,bottom,catalog/images/18710.jpg,,Tan,Fall,Casual
Forever New Women Blue Skirt,bottom,catalog/images/8501.jpg,,Blue,Fall,Casual
Pieces Women Blue Jeggings,bottom,catalog/images/33715.jpg,,Blue,Summer,Casual
Forever New Women's Animal Stroke Print Black Skirt,bottom,catalog/images/6857.jpg,,Black,Summer,Casual
Jealous 21 Women Washed Light Blue Jeggings,bottom,catalog/images/27004.jpg,,Blue,Summer,Casual
Forever New Women Length Legging Black Capri,bottom,catalog/images/6863.jpg,,Black,Summer,Ethnic
Puma Women Move Dance Grey Capri,bottom,catalog/images/7940.jpg,,Grey,Fall,Sports
BIBA OUTLET Women Pink Leggings,bottom,catalog/images/28944.jpg,,Pink,Summer,Casual
Nike Women's Bold Nylon Grey Track Pant,bottom,catalog/images/6588.jpg,,Grey,Summer,Sports
Fabindia Women Black Churidar,bottom,catalog/images/30811.jpg,,Black,Summer,Ethnic
Wrangler Women Navy Blue Jeggings,bottom,catalog/images/51590.jpg,,Navy Blue,Summer,Casual
Jealous 21 Women Washed Light Blue Jeans,bottom,catalog/images/26995.jpg,,Blue,Summer,Casual
Flying Machine Women Washed Blue Jeans,bottom,catalog/images/14117.jpg,,Blue,Fall,Casual
United Colors of Benetton Women Check Skirt Grey Skirts,bottom,catalog/images/10351.jpg,,Grey,Fall,Casual
Shree Women Red Printed Patiala,bottom,catalog/images/58211.jpg,,Red,Fall,Ethnic
Flying Machine Women Blue Denim Shorts,bottom,catalog/images/42402.jpg,,Blue,Summer,Casual
Gini and Jony Girl's Vanida Blue Dungree Infant Kidswear,bottom,catalog/images/4930.jpg,,Blue,Summer,Casual
Fabindia Women Pink Leggings,bottom,catalog/images/30819.jpg,,Pink,Summer,Ethnic
Nike Women As Be Strong Black Capri,bottom,catalog/images/7489.jpg,,Black,Summer,Sports
Gini and Jony Girl's Scotia White Purple Kidswear,bottom,catalog/images/4990.jpg,,White,Summer,Casual
ONLY Women Black Jeans,bottom,catalog/images/32559.jpg,,Black,Summer,Casual
ONLY Women Brown Shorts,bottom,catalog/images/32590.jpg,,Brown,Summer,Casual
Arrow Woman Black Trousers,bottom,catalog/images/32404.jpg,,Black,Summer,Formal
Allen Solly Woman Charcoal Skirt,bottom,catalog/images/41153.jpg,,Charcoal,Summer,Casual
Femella Women Teal Skinny Leggings,bottom,catalog/images/25900.jpg,,Teal,Summer,Casual
Fabindia Women Red Ghera Crinkle Skirt,bottom,catalog/images/30927.jpg,,Red,Summer,Ethnic
Palm Tree Kids Girl Sp Jace Sko Green Skirts,bottom,catalog/images/11260.jpg,,Green,Summer,Casual
Elle Women Black Skirt,bottom,catalog/images/57091.jpg,,Black,Summer,Casual
French Connection Women Blue Jeans,bottom,catalog/images/48500.jpg,,Blue,Winter,Casual
Spykar Women Aza Blue Jeans,bottom,catalog/images/36742.jpg,,Blue,Summer,Casual
Puma Women's Island Shorts Purple,bottom,catalog/images/1982.jpg,,Purple,Fall,Casual
Nike Women Trainng track pants Black Track Pants,bottom,catalog/images/10714.jpg,,Black,Summer,Sports
Scullers For Her Beige Trousers,bottom,catalog/images/27906.jpg,,Beige,Summer,Casual
Kraus Jeans Women Blue Capris,bottom,catalog/images/57217.jpg,,Blue,Fall,Casual
Vishudh Women Black Salwar and Dupatta,bottom,catalog/images/50384.jpg,,Black,Summer,Ethnic
Lee Women Navy Blue Roxy Fit Jeans,bottom,catalog/images/50949.jpg,,Navy Blue,Summer,Casual
Myntra Women White Leggings,bottom,catalog/images/54059.jpg,,White,Summer,Casual
Jealous 21 Women Washed Blue Jeans,bottom,catalog/images/27000.jpg,,Blue,Summer,Casual
Aurelia Women Navy Blue Leggings,bottom,catalog/images/41315.jpg,,Navy Blue,Summer,Ethnic
United Colors Of Benetton Women Beige Tights,bottom,catalog/images/20059.jpg,,Beige,Fall,Casual
Pieces Women Peach Leggings,bottom,catalog/images/33721.jpg,,Peach,Fall,Casual
Fabindia Women Green Churidar,bottom,catalog/images/35033.jpg,,Green,Summer,Ethnic
United Colors of Benetton Women Black Capris,bottom,catalog/images/25000.jpg,,Black,Summer,Casual
Nike Women AS Regular DF Cotton Black Track Pants,bottom,catalog/images/15632.jpg,,Black,Summer,Sports
Puma Women Blue Jeans,bottom,catalog/images/58561.jpg,,Blue,Fall,Casual
Kraus Jeans Women White Leggings,bottom,catalog/images/51614.jpg,,White,Fall,Casual
Elle Women Black Trousers,bottom,catalog/images/57136.jpg,,Black,Summer,Casual
Palm Tree Kids Sp Jema Skt Blue Skirts,bottom,catalog/images/10002.jpg,,Blue,Summer,Casual
Shree Women & Cream Jodhpuri Salwar,bottom,catalog/images/47047.jpg,,Purple,Summer,Ethnic
Jealous 21 Women Dark Blue Jegging,bottom,catalog/images/7182.jpg,,Blue,Fall,Casual
Elle Women Teal Skirt,bottom,catalog/images/57088.jpg,,Teal,Summer,Casual
Urban Yoga Women Yoga Grey Capri,bottom,catalog/images/3912.jpg,,Grey,Summer,Casual
United Colors of Benetton Women Beige Trouser,bottom,catalog/images/11316.jpg,,Beige,Fall,Casual
Myntra Women Cream Leggings,bottom,catalog/images/22457.jpg,,Cream,Fall,Casual
Pepe Jeans Women Blue Jeans,bottom,catalog/images/52539.jpg,,Blue,Summer,Casual
Flying Machine Women Lowrise Blue Jeans,bottom,catalog/images/11244.jpg,,Blue,Fall,Casual
French Connection Women Cream Leggings,bottom,catalog/images/43525.jpg,,Cream,Summer,Casual
Puma Women Essential Skinny Grey Track Pant,bottom,catalog/images/17993.jpg,,Grey,Fall,Sports
Lee Womens Blue Maxi Fit Jeans,bottom,catalog/images/50962.jpg,,Blue,Winter,Casual
Myntra Women Green Leggings,bottom,catalog/images/54054.jpg,,Green,Summer,Casual
Doodle Girl Denim skirt with belt Blue Skirts,bottom,catalog/images/10654.jpg,,Blue,Fall,Casual
Jealous 21 Women Purple Magic Colour Jeans,bottom,catalog/images/27939.jpg,,Purple,Summer,Casual
Arrow Woman Beige Trousers,bottom,catalog/images/39761.jpg,,Beige,Fall,Casual
Jealous 21 Women Blue Jeans,bottom,catalog/images/27017.jpg,,Blue,Summer,Casual
Femella Women Purple & Black Skirt,bottom,catalog/images/47658.jpg,,Purple,Summer,Casual
United Colors of Benetton Women Solid Grey Stockings,bottom,catalog/images/14619.jpg,,Grey,Summer,Casual
United Colors of Benetton Women Solid Grey Stockings,bottom,catalog/images/14876.jpg,,Grey,Summer,Casual
Fabindia Women Red Leggings,bottom,catalog/images/30816.jpg,,Red,Summer,Ethnic
Jealous 21 Women Washed Black Jeans,bottom,catalog/images/26996.jpg,,Black,Summer,Casual
Scullers For Her Beige Trouser,bottom,catalog/images/27928.jpg,,Beige,Summer,Casual
Fabindia Women Purple Churidar,bottom,catalog/images/35037.jpg,,Purple,Summer,Ethnic
Vishudh Women Red & White Salwar and Dupatta,bottom,catalog/images/50378.jpg,,White,Summer,Ethnic
ADIDAS Women Dark Grey Capris,bottom,catalog/images/53745.jpg,,Grey,Summer,Casual
Amante Brown & Green Swimsuit WCSD03,bottom,catalog/images/42969.jpg,,Brown,Summer,Casual
Forever New Women Black Trouser,bottom,catalog/images/6896.jpg,,Black,Summer,Casual
Wrangler Women Black Giselle Jeans,bottom,catalog/images/41353.jpg,,Black,Summer,Casual
Aneri Women White Leggings,bottom,catalog/images/39123.jpg,,White,Fall,Casual
Spykar Women Blue Slim Fit Jeans,bottom,catalog/images/24753.jpg,,Blue,Fall,Casual
French Connection Women Olive Trousers,bottom,catalog/images/48495.jpg,,Olive,Winter,Casual
Doodle Kids Girl  Pink Capris,bottom,catalog/images/27222.jpg,,Pink,Summer,Casual
Jockey Women Black Relaxed Capris,bottom,catalog/images/27415.jpg,,Black,Winter,Casual
Fabindia Women Red Churidar,bottom,catalog/images/35035.jpg,,Red,Summer,Ethnic
ADIDAS Women Dark Grey Track Pant,bottom,catalog/images/53750.jpg,,Grey,Summer,Casual
Puma Women Black Basic Capris,bottom,catalog/images/31228.jpg,,Black,Fall,Sports
Denizen Women Blue Jeans,bottom,catalog/images/51499.jpg,,Blue,Summer,Casual
Puma Women's Script 3/4 Grey Track Pant,bottom,catalog/images/8761.jpg,,Grey,Fall,Sports
Shree Women Maroon & Mustard Patiala,bottom,catalog/images/47065.jpg,,Maroon,Fall,Ethnic
Nike Womens Black Capris,bottom,catalog/images/43074.jpg,,Black,Summer,Sports
Gini and Jony Girl's Tamira Blue Kidswear,bottom,catalog/images/5001.jpg,,Blue,Summer,Casual
Palm Tree Kids Girl Washed Black Jeans,bottom,catalog/images/13260.jpg,,Black,Fall,Casual
ADIDAS Women Ess Cuffed Pant Grey Trackpant,bottom,catalog/images/9084.jpg,,Grey,Fall,Sports
Elle Women Off White Skirt,bottom,catalog/images/57092.jpg,,Off White,Summer,Casual
Kraus Jeans Women Pink Jeggings,bottom,catalog/images/57211.jpg,,Pink,Fall,Casual
Urban Yoga Women Yoga Red Capri,bottom,catalog/images/3909.jpg,,Red,Summer,Casual
Kraus Jeans Women White Capris,bottom,catalog/images/57205.jpg,,White,Fall,Casual
Jealous 21 Women Beige Capris,bottom,catalog/images/26982.jpg,,Beige,Summer,Casual
Lee Women Black Jeans,bottom,catalog/images/50948.jpg,,Black,Winter,Casual
Spykar Women Blue Jeans,bottom,catalog/images/24754.jpg,,Blue,Summer,Casual
Happy Socks Women Striped Tights,bottom,catalog/images/37893.jpg,,Multi,Summer,Casual
Tokyo Talkies Women Navy Slim Fit Jeans,bottom,catalog/images/40371.jpg,,Navy Blue,Summer,Casual
roxy Women Beach Brights Blue Short,bottom,catalog/images/21434.jpg,,Blue,Winter,Casual
Fabindia Women Pink Harem Pants,bottom,catalog/images/30919.jpg,,Pink,Summer,Ethnic
Pepe Jeans Women Blue Jeans,bottom,catalog/images/52554.jpg,,Blue,Summer,Casual
Shree Women Red Printed Patiala,bottom,catalog/images/58213.jpg,,Red,Fall,Ethnic
United Colors of Benetton Women Denim Black Jeans,bottom,catalog/images/11520.jpg,,Black,Fall,Casual
Aurelia Women Solid Blue Leggings,bottom,catalog/images/12162.jpg,,Green,Fall,Ethnic
Jealous 21 Women Black Jeans,bottom,catalog/images/26994.jpg,,Black,Summer,Casual
Femella Women Black Leggings,bottom,catalog/images/25929.jpg,,Black,Summer,Casual
Catwalk Women Silver Heels,shoes,catalog/images/46608.jpg,,Silver,Winter,Casual
Enroute Women Casual Black Heels,shoes,catalog/images/14429.jpg,,Black,Summer,Casual
Catwalk Women Blue Casual Shoes,shoes,catalog/images/22500.jpg,,Blue,Winter,Casual
Inc 5 Women Casual Maroon Sandals,shoes,catalog/images/13015.jpg,,Maroon,Fall,Casual
Nike Women Black Shoes,shoes,catalog/images/9386.jpg,,Black,Fall,Casual
Rocia Women Black Heels,shoes,catalog/images/57300.jpg,,Black,Winter,Casual
Portia Women White Heels,shoes,catalog/images/47551.jpg,,White,Winter,Casual
Catwalk Women Lifestyle Blue Flats,shoes,catalog/images/11503.jpg,,Blue,Spring,Casual
Catwalk Women Red Heels,shoes,catalog/images/41725.jpg,,Red,Winter,Casual
Globalite Women Amada Peach Flip Flops,shoes,catalog/images/44731.jpg,,Peach,Summer,Casual
Puma Women Stawberry Black Flip Flops,shoes,catalog/images/26675.jpg,,Black,Summer,Casual
Tiptopp Women Black Sandals,shoes,catalog/images/47450.jpg,,Black,Summer,Casual
FILA Women Tenet White Sports Shoes,shoes,catalog/images/15417.jpg,,White,Fall,Sports
Puma Women Axis White Shoes,shoes,catalog/images/9223.jpg,,White,Fall,Sports
Carlton London Women Silver Solid Open Toe,shoes,catalog/images/10621.jpg,,Silver,Spring,Casual
Puma Women Exsis 2 Black Sports Shoes,shoes,catalog/images/9113.jpg,,Black,Fall,Sports
Carlton London Women Silver Toned Flats,shoes,catalog/images/59038.jpg,,Silver,Winter,Casual
Catwalk Women Lifestyle Silver Flats,shoes,catalog/images/11502.jpg,,Silver,Winter,Casual
Reebok Women Black Pink Frisker Shoe,shoes,catalog/images/1730.jpg,,Black,Fall,Sports
Puma Women Axis Silver Sports Shoes,shoes,catalog/images/9118.jpg,,Silver,Fall,Sports
Catwalk Women Pink Flats,shoes,catalog/images/33107.jpg,,Pink,Winter,Casual
Cobblerz Women White Sandals,shoes,catalog/images/45372.jpg,,White,Summer,Casual
Rocia Women Casual Black Sandal,shoes,catalog/images/17021.jpg,,Black,Winter,Casual
Rocia Women White Wedges,shoes,catalog/images/50161.jpg,,White,Winter,Casual
Catwalk Women Ballerina Brown Casual Shoe,shoes,catalog/images/17659.jpg,,Brown,Winter,Casual
ADIDAS Women's Printed Upper Blue Flip Flop,shoes,catalog/images/6169.jpg,,Blue,Summer,Casual
HM Women Blue Heels,shoes,catalog/images/56880.jpg,,Blue,Winter,Casual
Nike Women Dart 9 MSL White Sports Shoes,shoes,catalog/images/25460.jpg,,White,Summer,Sports
Catwalk Women Black Stilettos,shoes,catalog/images/33113.jpg,,Black,Winter,Casual
iPanema Women Yellow Flip Flops,shoes,catalog/images/49825.jpg,,Yellow,Winter,Casual
Catwalk Women Brown Wedges,shoes,catalog/images/41706.jpg,,Brown,Winter,Casual
Cobblerz Women Black Peep Toes,shoes,catalog/images/33513.jpg,,Black,Summer,Casual
iPanema Women Purple Flip Flops,shoes,catalog/images/49822.jpg,,Purple,Winter,Casual
Catwalk Women Casual Teal Sandal,shoes,catalog/images/18564.jpg,,Teal,Winter,Casual
Timberland Women's Estela Umbrella Green Flip Flop,shoes,catalog/images/6820.jpg,,Green,Summer,Casual
Inc. 5 Women Casual White Heels,shoes,catalog/images/22305.jpg,,White,Winter,Casual
ADIDAS Women Adi Light Red White Shoe,shoes,catalog/images/3492.jpg,,Red,Fall,Sports
Grendha Women Kall Ad Purple Flats,shoes,catalog/images/32856.jpg,,Purple,Winter,Casual
Carlton London Women Wedge Gold Sandal,shoes,catalog/images/2625.jpg,,Gold,Fall,Casual
Enroute Women Casual Brown Casual Shoes,shoes,catalog/images/14426.jpg,,Brown,Summer,Casual
Rocia Women Beige Flats,shoes,catalog/images/50147.jpg,,Beige,Winter,Casual
Puma Women Maya Shimmer Pink Sports Shoes,shoes,catalog/images/26655.jpg,,Pink,Summer,Sports
Numero Uno Women Dark Black Shoe,shoes,catalog/images/4077.jpg,,Black,Summer,Casual
Puma Women Commander White Pink Shoe,shoes,catalog/images/2489.jpg,,White,Fall,Sports
Portia Women Blue Flats,shoes,catalog/images/47582.jpg,,Brown,Winter,Ethnic
Catwalk Women Casual Beige Flats,shoes,catalog/images/20276.jpg,,Beige,Winter,Casual
Skechers Women Smart Grey Sports Shoes,shoes,catalog/images/13168.jpg,,Grey,Fall,Sports
Rocia Women Beige Flats,shoes,catalog/images/57298.jpg,,Beige,Winter,Casual
Puma Women Navy Blue Sandal,shoes,catalog/images/17975.jpg,,Navy Blue,Fall,Casual
Portia Women Black Flats,shoes,catalog/images/47599.jpg,,Brown,Winter,Casual
Portia Women Grey Heels,shoes,catalog/images/47550.jpg,,Silver,Winter,Casual
ADIDAS Neo Women Renewal Black Shoes,shoes,catalog/images/32939.jpg,,Black,Summer,Casual
Lotto Women Coral Elegant Flip Flops,shoes,catalog/images/44725.jpg,,Orange,Summer,Casual
Carlton London Women Chocolate Brown and Gold Toned Flats,shoes,catalog/images/59052.jpg,,Brown,Winter,Casual
Catwalk Women Blue Casual Shoes,shoes,catalog/images/21715.jpg,,Blue,Winter,Casual
ADIDAS Women Streaks Blue Shoe,shoes,catalog/images/2199.jpg,,Blue,Fall,Casual
Portia Women White Wedges,shoes,catalog/images/47578.jpg,,White,Winter,Casual
Carlton London Women Yellow Flat Shoes,shoes,catalog/images/13552.jpg,,Yellow,Winter,Casual
Rocia Women Silver Flats,shoes,catalog/images/54113.jpg,,Silver,Winter,Casual
Catwalk Women Black Wedges,shoes,catalog/images/24083.jpg,,Black,Winter,Casual
HM Women Silver Heels,shoes,catalog/images/56899.jpg,,Silver,Winter,Casual
Catwalk Women Casual Brown Flats,shoes,catalog/images/14360.jpg,,Brown,Winter,Casual
Catwalk Women Brown Heels,shoes,catalog/images/49620.jpg,,White,Winter,Casual
iPanema Women Brown Flip Flops,shoes,catalog/images/49810.jpg,,Brown,Winter,Casual
Nike Women Aquahype Blue Flip Flops,shoes,catalog/images/25498.jpg,,Blue,Summer,Casual
Nike Women Capri White Casual Shoes,shoes,catalog/images/12702.jpg,,White,Fall,Casual
HM Women Red Sandals,shoes,catalog/images/56999.jpg,,Red,Winter,Casual
Rocia Women Cream Heels,shoes,catalog/images/50152.jpg,,Cream,Winter,Casual
Carlton London Women Casual Black Sandals,shoes,catalog/images/20758.jpg,,Black,Fall,Casual
Catwalk Women Elastic Strap Beige Heels,shoes,catalog/images/19021.jpg,,Beige,Winter,Casual
ASICS Women Gel Cumulus Running White Sports Shoes,shoes,catalog/images/13213.jpg,,White,Spring,Sports
iPanema Women Temas Black Flip Flops,shoes,catalog/images/32817.jpg,,Black,Winter,Casual
Tiptopp Women Black Sandals,shoes,catalog/images/47453.jpg,,Black,Fall,Casual
Rocia Women Beige Wedges,shoes,catalog/images/34457.jpg,,Beige,Winter,Formal
Rocia Women Beige Flats,shoes,catalog/images/54109.jpg,,Beige,Winter,Casual
Globalite Women Grey Startech Shoes,shoes,catalog/images/44754.jpg,,Grey,Summer,Casual
ADIDAS Women Henrio Dark Purple Brown Sandal,shoes,catalog/images/4651.jpg,,Purple,Summer,Casual
Grendha Women Flori Brown Flats,shoes,catalog/images/32835.jpg,,Brown,Winter,Casual
Senorita Women Beige Flats,shoes,catalog/images/59212.jpg,,Beige,Fall,Casual
ADIDAS Women Duramo 3 Sports Shoes,shoes,catalog/images/13682.jpg,,Silver,Fall,Sports
Senorita Women Black Flats,shoes,catalog/images/45804.jpg,,Black,Summer,Casual
HM Women Black wedges,shoes,catalog/images/56954.jpg,,Black,Winter,Casual
Nike Women Flyclave Black Casual Shoes,shoes,catalog/images/12824.jpg,,Black,Fall,Casual
Lotto Women's Canvas Blue Shoe,shoes,catalog/images/6435.jpg,,Blue,Summer,Casual
Clarks Women Saturn Whizz Leather Black Sandals,shoes,catalog/images/34071.jpg,,Black,Fall,Casual
Puma Women White Running Shoes,shoes,catalog/images/4530.jpg,,White,Summer,Sports
ADIDAS Women Blue Flip Flops,shoes,catalog/images/53442.jpg,,Blue,Summer,Casual
Inc. 5 Women Casual Red Sandals,shoes,catalog/images/22256.jpg,,Red,Fall,Casual
Senorita Women Silver Flats,shoes,catalog/images/45810.jpg,,Silver,Summer,Casual
Carlton London Women Casual Red Flats,shoes,catalog/images/13543.jpg,,Red,Winter,Casual
Catwalk Women Black Casual Flats,shoes,catalog/images/27086.jpg,,Black,Winter,Casual
Catwalk Women Brown & Olive Green Flats,shoes,catalog/images/53134.jpg,,Brown,Winter,Casual
ADIDAS Women's Summer Girl White Flip Flop,shoes,catalog/images/6182.jpg,,White,Summer,Casual
Gliders Women Blue Spinergrey Flip Flop,shoes,catalog/images/44446.jpg,,Blue,Summer,Casual
Portia Women Yellow Flats,shoes,catalog/images/47610.jpg,,Yellow,Winter,Casual
Catwalk Women Casual Bronze Sandals,shoes,catalog/images/20905.jpg,,Bronze,Winter,Casual
ADIDAS Women's Daily White Shoe,shoes,catalog/images/5919.jpg,,White,Summer,Casual
Nike Women's Dow Dark Grey Shoe,shoes,catalog/images/7602.jpg,,Grey,Summer,Sports
Timberland Women Casual Pink Casual Shoes,shoes,catalog/images/12422.jpg,,Pink,Fall,Casual
Crocs Women Abf Single Flip Slippers,shoes,catalog/images/8546.jpg,,Brown,Fall,Casual
Catwalk Women White Beaded Flats,shoes,catalog/images/49593.jpg,,White,Winter,Ethnic
Catwalk Women Casual Brown Flats,shoes,catalog/images/14354.jpg,,Brown,Winter,Casual
Catwalk Women Beige Shoes,shoes,catalog/images/43950.jpg,,Beige,Winter,Casual
Inc. 5 Women Casual Green Flats,shoes,catalog/images/22255.jpg,,Green,Winter,Casual
Enroute Women Cream Flats,shoes,catalog/images/35808.jpg,,Cream,Summer,Casual
HM Women Black Sandals,shoes,catalog/images/56920.jpg,,Black,Winter,Casual
Carlton London Women Gold Wedge Sandal,shoes,catalog/images/2616.jpg,,Gold,Fall,Sports
Nike Women Grey Air Dictate Sports Shoes,shoes,catalog/images/42999.jpg,,Grey,Summer,Sports
iPanema Women Temas Cream Flip Flops,shoes,catalog/images/32814.jpg,,Cream,Winter,Casual
Rocia Women Teal Heels,shoes,catalog/images/42801.jpg,,Teal,Winter,Casual
Puma Women Casual Purple Casual Shoes,shoes,catalog/images/12905.jpg,,Purple,Fall,Casual
Catwalk Women Slim Casual Beige Wedges,shoes,catalog/images/8172.jpg,,Blue,Winter,Casual
iPanema Women Black Flip Flops,shoes,catalog/images/49819.jpg,,Black,Winter,Casual
Catwalk Women Blue Flats,shoes,catalog/images/33121.jpg,,Blue,Winter,Casual
Rocia Women Black Sandals,shoes,catalog/images/45394.jpg,,Black,Winter,Casual
iPanema Women Kirey White Flats,shoes,catalog/images/32831.jpg,,White,Winter,Casual
iPanema Women Gold Flip Flops,shoes,catalog/images/41938.jpg,,Gold,Winter,Casual
Portia Women Gold Heels,shoes,catalog/images/47549.jpg,,Gold,Winter,Casual
Globalite Women Purple Flip Flops,shoes,catalog/images/44728.jpg,,Purple,Summer,Casual
Cobblerz Women Navy Blue Sandals,shoes,catalog/images/45374.jpg,,Navy Blue,Summer,Casual
Carlton London Women Casual Red Casual Shoes,shoes,catalog/images/13555.jpg,,Red,Fall,Casual
Carlton London Women Green Flats,shoes,catalog/images/59037.jpg,,Green,Winter,Casual
Lotto Women's Leisure White Shoe,shoes,catalog/images/6409.jpg,,White,Summer,Casual
Catwalk Women Olive Sandals,shoes,catalog/images/46596.jpg,,Brown,Winter,Casual
iPanema Women Black Flip Flops,shoes,catalog/images/44218.jpg,,Black,Winter,Casual
Carlton London Women Classy Silver Sandals,shoes,catalog/images/20765.jpg,,Silver,Fall,Casual
Catwalk Women Red Flats,shoes,catalog/images/39872.jpg,,Red,Winter,Casual
Carlton London Women Glitterati Gold Slippers,shoes,catalog/images/10623.jpg,,Gold,Fall,Casual
Nike Women Lunarfly Grey Sports Shoes,shoes,catalog/images/31689.jpg,,Grey,Summer,Sports
Portia Women Black Heels,shoes,catalog/images/47553.jpg,,Black,Winter,Casual
Inc 5 Women Casual Multi Flats,shoes,catalog/images/13280.jpg,,Multi,Winter,Casual
HM Women Golden Heels,shoes,catalog/images/56946.jpg,,Gold,Winter,Casual
ADIDAS Women White Flip Flops,shoes,catalog/images/53725.jpg,,White,Summer,Casual
Catwalk Women Black Stilettos,shoes,catalog/images/39594.jpg,,Black,Winter,Casual
Puma Women Silver Gladiator Sandals,shoes,catalog/images/23833.jpg,,Silver,Fall,Casual
ADIDAS Women's Daily Vulc White Shoe,shoes,catalog/images/5911.jpg,,White,Summer,Casual
HM Women Blue Flats,shoes,catalog/images/56935.jpg,,Blue,Winter,Casual
Catwalk Women Black Heels,shoes,catalog/images/43949.jpg,,Black,Winter,Casual
Lotto Women Cara II W Green Flip Flops,shoes,catalog/images/33653.jpg,,Green,Summer,Casual
Cobblerz Women Grey & Peach Sandals,shoes,catalog/images/45338.jpg,,Grey,Summer,Casual
Avirate Multicoloured Dress,dress,catalog/images/59991.jpg,,Multi,Fall,Casual
Elle Women Blue Dress,dress,catalog/images/57052.jpg,,Blue,Summer,Casual
Mineral Cream & Purple Printed Dress,dress,catalog/images/49648.jpg,,Cream,Summer,Casual
109F Women Black & Cream Dress,dress,catalog/images/46281.jpg,,Black,Summer,Casual
AND Women Pink Dress,dress,catalog/images/41570.jpg,,Pink,Summer,Casual
Elle Pink Vintage Dress,dress,catalog/images/57053.jpg,,Pink,Summer,Casual
Tonga Women Printed Black Dress,dress,catalog/images/34572.jpg,,Black,Summer,Casual
United Colors of Benetton Women Brown Jumpsuit,dress,catalog/images/57812.jpg,,Brown,Summer,Casual
Tonga Women Maroon Dress,dress,catalog/images/34581.jpg,,Maroon,Summer,Casual
Femella Women Black Lace Dress,dress,catalog/images/47650.jpg,,Black,Summer,Casual
Wills Lifestyle Women Multi Coloured Dress,dress,catalog/images/44694.jpg,,White,Summer,Casual
AND by Anita Dongre Women Printed Red Dresses,dress,catalog/images/16567.jpg,,Red,Fall,Casual
Femella Women Black & Purple Dress,dress,catalog/images/54990.jpg,,Purple,Summer,Casual
Elle Women Black Dress,dress,catalog/images/57047.jpg,,Black,Summer,Casual
Arrow Woman Printed Multi Coloured Dress,dress,catalog/images/32378.jpg,,Cream,Summer,Casual
Arrow Woman Aqua Green Dress,dress,catalog/images/39723.jpg,,Green,Summer,Casual
Avirate Women Black Dress,dress,catalog/images/59989.jpg,,Black,Fall,Party
Femella Women Purple & Black Dress,dress,catalog/images/33997.jpg,,Purple,Summer,Casual
Tonga Women Grey Dress,dress,catalog/images/40430.jpg,,Grey,Summer,Casual
United Colors of Benetton Women Blue Striped Dress,dress,catalog/images/24876.jpg,,Blue,Summer,Casual
Femella Women Purple Dress,dress,catalog/images/39221.jpg,,Purple,Summer,Casual
Femella Women Check Navy Blue Dress,dress,catalog/images/33976.jpg,,Navy Blue,Summer,Casual
Mineral Women Green Dress,dress,catalog/images/37938.jpg,,Green,Summer,Casual
Palm Tree Girl's Cr Blossom Drs Pink Dresses,dress,catalog/images/10016.jpg,,Pink,Summer,Casual
Allen Solly Woman White Dress,dress,catalog/images/41140.jpg,,White,Summer,Casual
Forever New Women Creme de Menthe Blue Dresses,dress,catalog/images/8483.jpg,,Blue,Fall,Casual
Forever New Women Magnolia Cream Dress,dress,catalog/images/8480.jpg,,Cream,Fall,Casual
UCB Women's Sleeveless Off White Dress,dress,catalog/images/7306.jpg,,White,Summer,Casual
Tonga Women Printed Black Dress,dress,catalog/images/34586.jpg,,Black,Summer,Casual
ONLY Women Black Dress,dress,catalog/images/43658.jpg,,Black,Summer,Casual
French Connection Blue & Black Printed Dress,dress,catalog/images/48464.jpg,,Blue,Summer,Casual
ONLY Women Multi Coloured Short Jumpsuit,dress,catalog/images/43655.jpg,,Multi,Summer,Casual
French Connection Women Mint Green Dress,dress,catalog/images/43676.jpg,,Green,Summer,Casual
Femella Women Black Printed Dress,dress,catalog/images/59876.jpg,,Multi,Fall,Casual
Arrow Woman Lida Black Dress,dress,catalog/images/18894.jpg,,Black,Fall,Casual
Flying Machine Women OS Blue Tops,dress,catalog/images/10500.jpg,,Navy Blue,Fall,Casual
Elle Women Multi Coloured Dress,dress,catalog/images/57051.jpg,,Multi,Summer,Casual
Palm Tree Girls Beyonce White & Blue Dress,dress,catalog/images/4984.jpg,,White,Summer,Casual
Tonga Women Pink Dress,dress,catalog/images/34600.jpg,,Pink,Summer,Casual
United Colors of Benetton Women Blue Dress,dress,catalog/images/59795.jpg,,Blue,Fall,Casual
French Connection Women Purple Dress,dress,catalog/images/48085.jpg,,Purple,Summer,Casual
Tonga Brown Animal Print Dress,dress,catalog/images/58501.jpg,,Beige,Fall,Casual
ONLY Women Peach Dress,dress,catalog/images/43653.jpg,,Peach,Summer,Casual
Avirate Black Dress,dress,catalog/images/59965.jpg,,Black,Fall,Casual
Elle Yellow Vintage Shift Dress,dress,catalog/images/57054.jpg,,Yellow,Summer,Casual
Forever New Women's Lacy Black Dress,dress,catalog/images/6872.jpg,,Black,Summer,Casual
Forever New Women Porcelain Black Dress,dress,catalog/images/8485.jpg,,Black,Fall,Casual
Latin Quarters Women White & Pink Printed Dress,dress,catalog/images/38832.jpg,,White,Summer,Casual
Avirate Black Dress,dress,catalog/images/59969.jpg,,Black,Fall,Casual
Vero Moda Green Printed Shift Dress,dress,catalog/images/43627.jpg,,Green,Summer,Casual
Rreverie Silver & Red Earrings,accessory,catalog/images/58050.jpg,,Silver,Fall,Casual
Lino Perros Women Purple Belt,accessory,catalog/images/37054.jpg,,Purple,Summer,Casual
Rocky S Women Pink Wallet,accessory,catalog/images/58166.jpg,,Pink,Fall,Casual
Royal Diadem Green Earrings,accessory,catalog/images/43811.jpg,,Green,Summer,Casual
Rocia Women Gold Coloured Clutch,accessory,catalog/images/32685.jpg,,Gold,Fall,Party
Baggit Women Dabang Taj Pink Wallet,accessory,catalog/images/33388.jpg,,Pink,Summer,Casual
Murcia Women Lorra Black Black Handbags,accessory,catalog/images/10729.jpg,,Black,Winter,Casual
CASIO Enticer Women White Dial Analogue Watch,accessory,catalog/images/45216.jpg,,White,Winter,Casual
Fossil Women Green Handbag,accessory,catalog/images/48179.jpg,,Green,Winter,Casual
Murcia Women Leatherette Maroon Handbag,accessory,catalog/images/27715.jpg,,Maroon,Winter,Casual
Rocia Women Black Clutch,accessory,catalog/images/49534.jpg,,Black,Summer,Casual
Lino Perros Women Brown Handbag,accessory,catalog/images/33633.jpg,,Brown,Summer,Casual
Q&Q Women Orange Watch,accessory,catalog/images/38021.jpg,,Orange,Winter,Casual
Estelle Gold Earrings,accessory,catalog/images/46048.jpg,,Gold,Winter,Casual
Hidekraft Women Blue Handbag,accessory,catalog/images/37854.jpg,,Blue,Summer,Casual
Lucera Women Silver Pendant,accessory,catalog/images/48784.jpg,,Silver,Summer,Casual
Baggit Women Princy Taj White Belt,accessory,catalog/images/20519.jpg,,White,Winter,Casual
Miki Pearl Women Ivory Jewellery Set,accessory,catalog/images/48756.jpg,,White,Summer,Casual
Baggit Women Purple Groovy Camlin Crush Handbag,accessory,catalog/images/20601.jpg,,Purple,Winter,Casual
Pitaraa Women Bronze Beaded Bracelet,accessory,catalog/images/48311.jpg,,Bronze,Winter,Casual
Fastrack Women White Dial Watch,accessory,catalog/images/56318.jpg,,White,Winter,Casual
Baggit Women Purple Bag,accessory,catalog/images/47429.jpg,,Purple,Summer,Casual
Baggit Women Brown Bag,accessory,catalog/images/47317.jpg,,Brown,Winter,Casual
Murcia Women Black Handbag,accessory,catalog/images/27690.jpg,,Black,Winter,Casual
Baggit Women Motto Taj Brown Sling Bag,accessory,catalog/images/33435.jpg,,Brown,Summer,Casual
Allen Solly Woman Red Bangle,accessory,catalog/images/35129.jpg,,Red,Winter,Casual
Fabindia Silver Earrings,accessory,catalog/images/53106.jpg,,Silver,Winter,Casual
Maxima Women Silver Dial Watch,accessory,catalog/images/36806.jpg,,Silver,Winter,Casual
Murcia Women Brown Handbag,accessory,catalog/images/27717.jpg,,Brown,Winter,Casual
Fastrack Women Sliver Dial Watch,accessory,catalog/images/51573.jpg,,Silver,Winter,Casual
